Point_time	AUGEVolume	AUGEASTLEVANALOG	AUGWVOLUME	AUGWESTLEVANALOG	ASHREL	SICRESVOLUME	SICRESELEVANALOG	STPALBFLW	RECRESVOLUME	RECRESELEVANALOG	RECREL	NICRESVOLUME	NICRESELEVANALOG	NICNTHFLW	NICSTHFLW	NICCONFLW	EDIRESVOLUME	EDIRESELEVANALOG	EDRNTHFLW	EDRSTHFLW	EDRCONFLW	WDIRESVOLUME	WDIRESELEVANALOG	WDRFLW
01/01/2018	59.94	574	32.67	574.33	10	13.1	1110.44	176.00	48.26	837.34	9.74	29.64	1427.56	35.70	0	0.00	111.39	1261.24	47.60	0.00	0.00	48.8	1113.87	87.50
01/02/2018	59.89	573.99	32.57	574.29	10	12.81	1109.46	189.10	48.17	837.2	9.76	28.92	1425.94	36.10	0	0.00	111.01	1261.01	47.60	0.00	0.00	48.95	1114.00	87.40
01/03/2018	59.89	573.97	32.44	574.24	95	12.71	1109.14	195.30	48.17	837.21	9.74	28.62	1425.26	36.00	0	0.00	110.7	1260.82	47.50	0.00	0.00	49.07	1114.11	87.50
01/04/2018	59.9	573.97	32.22	574.07	11	12.61	1108.77	194.50	48.16	837.2	9.72	28.3	1424.57	36.00	0	0.00	110.59	1260.75	47.50	0.00	0.00	49.21	1114.22	111.20
01/05/2018	59.88	573.99	31.94	573.85	11	12.48	1108.38	193.00	48.17	837.21	9.74	27.99	1423.82	36.00	0	0.00	110.45	1260.66	47.50	0.00	0.00	49.26	1114.28	116.20
01/06/2018	59.89	573.98	31.64	573.46	10	12.35	1107.96	191.90	48.12	837.13	9.75	27.69	1423.12	35.90	0	0.00	110.26	1260.54	47.50	0.00	0.00	49.26	1114.28	179.40
01/07/2018	59.89	573.96	31.37	573.09	10	12.23	1107.59	190.50	47.99	836.94	9.76	27.5	1422.68	35.90	0	0.00	110.06	1260.43	47.50	0.00	0.00	49.26	1114.28	175.20
01/08/2018	59.91	573.97	31.61	572.78	11	12.06	1106.67	226.70	47.79	836.63	9.73	27.53	1422.75	36.00	0	0.00	109.82	1260.27	47.40	0.00	0.00	49.32	1114.35	117.00
01/09/2018	59.89	573.97	31.95	573.05	12	11.87	1106.21	272.50	47.52	836.24	9.71	27.55	1422.8	36.10	0	0.00	109.54	1260.09	47.40	0.00	0.00	49.43	1114.44	87.80
01/10/2018	59.91	573.97	32.2	573.47	12	11.66	1105.71	277.30	47.32	835.94	9.71	27.56	1422.82	36.10	0	0.00	109.2	1259.88	47.90	0.00	0.00	49.55	1114.53	87.90
01/11/2018	59.89	573.98	32.67	573.78	12	11.54	1105.27	285.20	47.13	835.66	9.68	27.63	1422.97	36.10	0	0.00	109.01	1259.77	47.90	0.00	0.00	49.73	1114.70	87.90
01/12/2018	60.76	573.98	33.21	574.36	12	13.54	1111.98	300.00	47.76	836.59	9.67	29.91	1428.17	36.20	0	0.00	111.33	1261.2	48.00	0.00	0.00	51.82	1116.52	88.00
01/13/2018	61.78	574.58	36.86	575.02	12	15.63	1120.35	67.80	48.12	837.13	9.74	30.93	1430.44	36.10	0	0.00	113.23	1262.4	48.30	0.00	0.00	54.08	1118.45	88.90
01/14/2018	62.71	575.26	36.72	579.23	8	16.32	1122.57	1.50	48.15	837.17	9.75	31.23	1431.09	36.10	0	0.00	114.03	1262.9	48.40	0.00	0.00	55.24	1119.44	87.80
01/15/2018	63.52	575.87	36.3	579.03	13	16.85	1124.10	0.00	48.12	837.13	9.72	31.45	1431.57	36.20	0	0.00	114.61	1263.25	48.00	0.00	0.00	56.17	1120.23	88.20
01/16/2018	63.73	576.39	36.3	578.55	13	17.37	1123.80	0.00	48.07	837.05	9.73	31.67	1432.04	36.20	0	0.00	115.02	1263.5	48.00	0.00	0.00	57.12	1121.01	88.60
01/17/2018	63.83	576.53	36.3	578.55	13	17.66	1123.39	98.40	47.93	836.83	9.72	31.83	1432.4	36.10	0	0.00	115.17	1263.59	48.00	0.00	0.00	57.82	1121.59	88.90
01/18/2018	63.88	576.58	36.4	578.55	13	17.67	1123.09	287.00	47.8	836.65	9.72	31.96	1432.67	36.00	0	0.00	115.29	1263.66	48.00	0.00	0.00	58.35	1122.01	89.10
01/19/2018	63.98	576.63	36.51	578.68	14	17.59	1122.62	375.40	47.66	836.44	9.7	32.09	1432.96	38.20	0	0.00	115.35	1263.7	50.30	0.00	0.00	58.86	1122.43	95.80
01/20/2018	63.44	576.69	37.2	578.8	14	17.52	1122.48	395.30	47.63	836.4	9.68	32.21	1433.22	39.10	0	0.00	115.52	1263.8	51.50	0.00	0.00	59.36	1122.84	99.20
01/21/2018	63.03	576.34	37.93	579.59	13	17.42	1122.25	394.20	47.19	835.75	9.68	32.34	1433.49	39.10	0	0.00	115.64	1263.87	51.50	0.00	0.00	59.8	1123.20	98.20
01/22/2018	62.74	576.07	38.77	580.4	14	17.36	1122.06	393.60	47.01	835.48	9.66	32.48	1433.81	39.20	0	0.00	115.79	1263.97	51.50	0.00	0.00	60.38	1123.70	98.00
01/23/2018	62.6	575.89	41.17	581.3	16	18.58	1125.46	400.10	47.95	836.86	9.67	33.56	1436.05	39.10	0	0.00	117.78	1265.16	52.40	0.00	0.00	63.35	1126.06	97.20
01/24/2018	62.84	575.79	42.09	583.89	16	18.24	1124.58	404.30	48.32	837.43	9.72	33.69	1436.33	39.00	0.1	0.10	118.61	1265.66	52.00	0.00	0.00	65.05	1127.40	97.60
01/25/2018	63.22	575.95	42.63	584.9	13	18.03	1125.71	399.20	48.43	837.59	9.72	33.64	1436.22	0.00	71	0.00	119.29	1266.07	51.30	0.60	0.00	66.19	1128.29	98.30
01/26/2018	63.71	576.19	42.89	585.43	13	17.97	1125.52	396.60	48.54	837.76	9.72	33.54	1436.02	0.00	71	0.00	119.72	1266.34	0.00	64.60	0.00	67.08	1128.99	112.90
01/27/2018	64.25	576.51	43.03	585.69	14	17.96	1125.54	396.10	48.31	837.41	9.72	33.43	1435.79	0.00	70.9	0.00	120.39	1266.73	0.00	64.50	0.00	67.87	1129.61	116.20
01/28/2018	64.78	576.86	43.1	585.83	14	17.91	1125.43	397.60	48.01	836.97	9.72	33.31	1435.53	0.00	70.9	0.00	120.98	1267.09	0.00	64.60	0.00	68.63	1130.20	113.40
01/29/2018	65.27	577.2	43.11	585.9	14	17.83	1125.16	396.20	47.93	836.85	9.68	33.15	1435.2	0.00	70.8	0.00	121.53	1267.42	0.00	64.60	0.00	69.25	1130.67	112.90
01/30/2018	65.6	577.53	43.23	585.91	14	17.75	1124.92	396.90	47.77	836.61	9.66	32.98	1434.85	0.00	70.8	0.00	121.73	1267.54	0.00	64.60	0.00	69.78	1131.07	115.40
01/31/2018	65.69	577.74	43.56	586.04	13	17.63	1124.57	393.90	47.61	836.38	9.67	32.75	1434.37	0.00	70.7	0.00	122.1	1267.76	0.00	64.70	0.00	70.21	1131.39	113.50
02/01/2018	65.69	577.8	43.85	586.37	15	17.52	1124.27	392.80	47.73	836.55	9.76	32.66	1434.19	0.00	70.7	0.00	122.03	1267.71	0.00	64.70	0.00	70.62	1131.71	115.00
02/02/2018	65.44	577.8	44.37	586.65	15	17.35	1124.45	362.80	47.77	836.6	9.74	32.53	1433.9	0.00	70.6	0.00	121.81	1267.59	0.00	64.60	0.00	70.89	1131.91	117.30
02/03/2018	65.13	577.63	44.86	587.17	14	17.24	1124.11	280.00	47.61	836.37	9.73	32.56	1433.98	0.00	70.6	0.00	121.67	1267.49	0.00	64.60	0.00	71.13	1132.09	114.30
02/04/2018	64.88	577.44	45.5	587.68	16	17.18	1123.95	280.50	47.49	836.19	9.74	32.65	1434.17	0.00	70.6	0.00	121.5	1267.4	0.00	64.50	0.00	71.48	1132.34	115.60
02/05/2018	64.81	577.28	45.65	588.3	16	17.08	1122.90	278.60	47.3	835.91	9.74	32.68	1434.23	0.00	70.7	0.00	121.3	1267.28	0.00	64.50	0.00	71.7	1132.52	115.50
02/06/2018	64.34	577.23	46.12	588.46	15	16.9	1122.26	362.50	47.11	835.62	9.71	32.74	1434.35	0.00	70.7	0.00	121.08	1267.15	55.80	8.90	0.00	71.93	1132.69	113.00
02/07/2018	64.94	576.92	46.27	588.94	18	16.72	1121.70	392.50	46.99	835.44	9.71	32.76	1434.39	0.00	70.7	0.00	120.97	1267.08	64.70	0.00	0.00	72.15	1132.86	111.60
02/08/2018	65.27	577.31	46.23	589.08	18	16.53	1121.19	389.40	46.99	835.44	9.7	32.79	1434.45	0.00	70.8	0.00	120.74	1266.94	64.60	0.00	0.00	72.18	1132.88	111.40
02/09/2018	65.85	577.52	45.86	589.05	17	16.37	1121.13	352.10	47.03	835.49	9.71	32.84	1434.55	0.00	70.8	0.00	120.37	1266.72	64.50	0.00	0.00	72.14	1132.85	114.50
02/10/2018	66.58	577.9	45.4	588.67	18	16.3	1120.93	317.10	46.95	835.38	9.69	32.9	1434.68	0.00	70.8	0.00	120.3	1266.68	64.50	0.00	0.00	72.19	1132.89	112.50
02/11/2018	67.4	578.38	45.37	588.21	20	16.72	1122.12	318.90	47.07	835.56	9.68	32.88	1434.64	0.00	70.8	0.00	121.02	1267.11	64.50	0.00	0.00	72.59	1133.19	113.20
02/12/2018	68.06	578.91	45.35	588.18	20	17.03	1122.77	323.70	47.04	835.52	9.7	32.9	1434.69	0.00	70.9	0.00	121.73	1267.54	64.60	0.00	0.00	73.48	1133.86	112.90
02/13/2018	68.68	579.34	45.24	588.16	19	17.18	1123.20	324.20	46.97	835.41	9.71	32.74	1434.36	0.00	70.8	0.00	122.26	1267.86	64.70	0.00	0.00	73.86	1134.16	113.00
02/14/2018	69.27	579.74	45.03	588.05	19	17.33	1124.13	267.80	46.87	835.27	9.68	32.56	1433.98	0.00	70.7	0.00	122.75	1268.15	64.70	0.00	0.00	74.19	1134.41	110.10
02/15/2018	69.86	580.13	45.05	587.83	20	17.66	1125.28	206.00	47.13	835.67	9.65	32.51	1433.86	0.00	70.7	0.00	123.51	1268.59	64.70	0.00	0.00	74.97	1134.99	112.70
02/16/2018	70.43	580.48	45.1	587.85	20	18.03	1125.84	184.70	47.23	835.8	9.67	32.82	1434.52	0.00	70.9	0.00	124	1268.87	64.90	0.00	0.00	75.18	1135.14	113.50
02/17/2018	71.01	580.84	45.07	587.92	13	18.06	1125.98	161.20	47.3	835.91	9.67	33.04	1434.97	0.00	71	0.00	125.18	1269.56	65.00	0.00	0.00	75.18	1135.14	113.80
02/18/2018	71.51	581.2	44.93	587.85	12	18.02	1125.89	158.70	47.36	835.99	9.67	33.18	1435.27	0.00	71.1	0.00	125.68	1269.85	65.00	0.00	0.00	78.47	1137.52	114.00
02/19/2018	72.03	581.5	44.91	587.74	13	18.11	1126.14	159.80	47.54	836.28	9.67	33.41	1435.74	0.00	71.1	0.00	126.41	1270.28	65.00	0.00	0.00	79.52	1138.28	114.10
02/20/2018	72.49	581.82	44.87	587.71	13	18.25	1126.80	55.00	48.02	836.98	9.67	33.6	1436.14	0.00	71	0.00	127.39	1270.78	65.20	0.00	0.00	81.33	1139.59	117.90
02/21/2018	72.94	582.11	44.81	587.7	13	18.29	1126.38	0.10	48.46	837.64	9.66	33.81	1436.57	56.50	62.3	0.00	128.13	1271.28	65.30	0.00	0.00	82.89	1140.69	114.50
02/22/2018	73.14	582.39	44.86	587.63	236	18.27	1126.31	0.60	48.88	838.27	9.7	33.87	1436.7	60.90	61.8	0.00	128.72	1271.61	65.40	0.00	0.00	84.51	1141.82	115.90
02/23/2018	73.36	582.5	44.94	587.68	293	18.37	1126.55	0.90	49.03	838.49	9.72	33.9	1436.76	60.70	61.9	0.00	129.68	1272.17	75.70	54.10	0.00	85.87	1142.75	260.60
02/24/2018	73.59	582.64	45.17	587.75	299	18.41	1126.70	1.00	49.02	838.47	9.72	34.23	1437.45	60.70	62	0.00	130.77	1272.8	142.60	97.30	0.00	87.31	1143.75	500.00
02/25/2018	73.84	582.79	45.92	587.99	301	18.57	1127.14	1.20	49.2	838.73	9.71	34.87	1438.78	60.90	62.1	0.00	132.29	1273.66	205.40	162.30	0.00	89.08	1144.97	744.30
02/26/2018	74.17	582.95	46.07	588.73	349	18.4	1126.74	1.00	48.94	838.35	9.73	35.19	1439.43	60.90	62.2	0.00	133.27	1274.21	226.90	224.80	0.00	90.09	1145.64	939.70
02/27/2018	74.52	583.15	46.03	588.89	354	18.32	1126.49	0.70	48.85	838.22	9.73	35.42	1439.9	60.90	62	0.00	134.04	1274.62	226.80	224.90	0.00	90.69	1146.03	966.30
02/28/2018	75.14	583.37	45.34	588.85	531	18.29	1126.39	0.40	48.73	838.04	9.71	35.57	1440.19	60.70	62	0.00	134.5	1274.91	227.00	224.80	0.00	91.04	1146.26	969.80
03/01/2018	75.83	583.75	44.67	588.15	590	18.26	1126.30	0.70	48.54	837.76	9.7	35.68	1440.41	60.90	62	0.00	135.16	1275.27	226.80	224.80	0.00	91.37	1146.48	970.00
03/02/2018	76.53	584.19	44.46	587.51	594	18.26	1126.32	0.50	48.54	837.76	9.71	35.66	1440.37	60.80	61.8	0.00	135.79	1275.62	226.90	225.10	0.00	91.66	1146.67	968.30
03/03/2018	76.93	584.61	43.86	587.24	594	18.26	1126.32	1.30	48.26	837.34	9.7	35.61	1440.27	60.90	61.8	0.00	136.09	1275.79	226.80	225.10	0.00	91.71	1146.70	961.10
03/04/2018	77.22	584.87	43.32	586.66	590	18.26	1126.32	1.00	47.93	836.85	9.68	35.59	1440.24	61.10	61.7	0.00	136.27	1275.89	226.80	225.10	0.00	91.6	1146.63	965.90
03/05/2018	77.32	585.04	42.82	586.11	589	17.95	1125.45	1.00	47.79	836.64	9.71	35.41	1439.88	60.90	61.7	0.00	136.45	1275.99	226.90	225.00	0.00	91.42	1146.51	964.60
03/06/2018	77.21	585.1	42.58	585.62	587	17.83	1125.09	0.60	47.75	836.55	9.7	35.2	1439.45	60.80	61.6	0.00	136.63	1276.09	226.90	224.90	0.00	91.22	1146.38	966.40
03/07/2018	77	585.04	42.49	585.38	588	17.76	1124.94	0.60	47.62	836.39	9.66	34.99	1439.03	60.90	62.1	0.00	136.68	1276.12	226.80	224.90	0.00	90.98	1146.22	966.50
03/08/2018	76.72	584.9	42.3	585.29	588	17.69	1124.76	0.00	47.62	836.38	9.66	34.75	1438.53	60.80	62.2	0.00	136.72	1276.14	226.80	224.90	0.00	90.69	1146.03	966.60
03/09/2018	76.45	584.73	42.09	585.1	584	17.59	1124.41	0.00	47.8	836.68	9.69	34.5	1438.02	60.90	62.1	0.00	136.63	1276.09	226.80	224.80	0.00	90.32	1145.79	910.40
03/10/2018	76.17	584.57	41.85	584.87	584	17.46	1124.09	0.00	47.79	836.63	9.68	34.29	1437.58	58.30	59.5	0.00	136.41	1275.97	217.40	215.50	0.00	89.94	1145.54	921.60
03/11/2018	75.9	584.39	41.57	584.61	586	17.3	1123.62	0.00	47.75	836.58	9.68	34.07	1437.12	60.90	62.1	0.00	136.22	1275.86	226.80	224.90	0.00	89.5	1145.24	961.60
03/12/2018	75.65	584.22	41.63	584.32	586	17.14	1123.14	0.00	47.7	836.51	9.69	33.9	1436.75	60.80	67.5	0.00	136.18	1275.84	226.90	224.80	0.00	89.35	1145.15	961.40
03/13/2018	75.35	584.06	41.87	584.39	257	17	1122.65	0.00	47.58	836.33	9.66	33.71	1436.37	0.00	70.9	0.00	136.22	1275.87	96.80	96.80	0.00	89.65	1145.35	183.80
03/14/2018	75.11	583.88	42.14	584.64	54	16.83	1122.16	0.00	47.47	836.16	9.63	33.51	1435.95	0.00	70.9	0.00	136.18	1275.84	96.80	96.80	0.00	90.05	1145.61	112.60
03/15/2018	75.08	583.73	42.1	584.93	13	16.65	1121.64	0.00	47.44	836.11	9.67	33.3	1435.52	0.00	70.8	0.00	136.06	1275.77	96.70	96.80	0.00	90.38	1145.83	113.40
03/16/2018	75.07	583.71	42.01	584.89	13	16.44	1121.02	0.00	47.5	836.2	9.76	33.09	1435.08	0.00	70.7	0.00	135.79	1275.62	96.70	96.70	0.00	90.67	1146.02	114.00
03/17/2018	75.06	583.7	41.95	584.8	12	16.22	1120.37	0.00	47.52	836.24	9.79	32.88	1434.64	0.00	70.6	0.00	135.56	1275.49	96.70	96.70	0.00	90.93	1146.19	112.70
03/18/2018	75.03	583.7	41.86	584.73	12	16	1119.69	0.70	47.54	836.27	9.79	32.66	1434.18	0.00	70.7	0.00	135.25	1275.32	97.30	96.70	0.00	91.17	1146.35	113.50
03/19/2018	74.98	583.68	41.79	584.64	12	15.75	1118.90	0.00	47.58	836.33	9.81	32.44	1433.71	0.00	70.7	0.00	134.97	1275.16	97.30	96.60	0.00	91.4	1146.50	113.50
03/20/2018	74.97	583.65	41.72	584.56	12	15.51	1118.77	0.00	47.5	836.21	9.82	32.28	1433.36	0.00	56.6	0.00	134.65	1274.98	69.60	96.60	0.00	91.57	1146.61	160.40
03/21/2018	74.86	583.64	41.63	584.48	13	15.27	1118.77	0.00	47.48	836.17	9.79	32.12	1433.02	0.00	48.1	0.00	134.4	1274.84	52.90	96.50	0.00	91.68	1146.68	197.40
03/22/2018	74.84	583.58	41.51	584.39	13	15.03	1118.77	0.00	47.6	836.36	9.75	31.91	1432.57	0.00	48	0.00	134.09	1274.67	52.90	96.50	0.00	91.78	1146.75	197.80
03/23/2018	74.81	583.56	41.42	584.26	13	14.8	1118.77	0.00	47.68	836.48	9.93	31.91	1432.57	0.00	48	0.00	133.82	1274.52	52.80	97.20	0.00	91.66	1146.67	288.00
03/24/2018	74.77	583.55	41.33	584.15	12	14.57	1118.77	0.00	47.68	836.48	9.92	31.95	1432.66	0.00	48	0.00	133.45	1274.3	52.80	97.30	0.00	91.4	1146.50	352.70
03/25/2018	74.69	583.52	41.26	584.06	12	14.35	1118.77	0.00	47.72	836.53	9.89	32.01	1432.79	0.00	48	0.00	133.13	1274.13	54.20	97.30	0.00	91.17	1146.35	356.20
03/26/2018	74.63	583.47	41.19	583.98	12	14.1	1114.46	0.00	47.65	836.43	9.85	32.05	1432.87	0.00	47.8	0.00	132.79	1273.94	71.30	78.00	0.00	90.93	1146.19	352.20
03/27/2018	74.56	583.43	41.14	583.91	11	13.9	1114.46	0.00	47.7	836.5	9.84	32.12	1433.03	0.00	48	0.00	132.57	1273.82	74.50	75.00	0.10	90.52	1145.92	615.10
03/28/2018	74.51	583.4	41.12	583.87	10	13.8	1114.46	0.00	47.7	836.51	9.84	32.15	1433.09	0.00	48.1	0.00	132.29	1273.67	74.60	74.90	0.00	89.99	1145.56	795.00
03/29/2018	74.46	583.36	41.16	583.84	11	14.13	1114.46	0.00	47.8	836.66	9.84	32.27	1433.34	0.00	48.1	0.00	132.63	1273.85	74.60	74.90	0.00	89.94	1145.54	793.50
03/30/2018	74.42	583.33	41.52	583.89	11	15.66	1114.46	0.00	47.74	836.56	9.85	32.58	1434.02	0.00	48.2	0.00	134.18	1274.72	69.30	22.00	0.00	91.96	1146.87	584.30
03/31/2018	74.51	583.31	41.89	584.27	11	16.65	1114.46	0.00	47.64	836.42	9.85	32.82	1434.51	0.00	48	0.00	135.36	1275.38	64.70	0.00	0.00	93.77	1148.06	243.40
04/01/2018	74.61	583.36	42.2	584.67	11	17.41	1114.46	0.00	47.55	836.28	9.83	33.03	1434.95	0.00	48	0.00	136.32	1275.92	64.80	0.00	0.00	95.28	1149.05	242.70
04/02/2018	74.74	583.43	42.41	585	11	17.93	1114.46	0.00	47.64	836.41	9.84	33.03	1434.95	0.00	48.1	0.00	137.16	1276.39	64.90	0.00	0.00	96.42	1149.80	352.90
04/03/2018	75.11	583.52	42.47	585.21	11	18.2	1125.54	0.00	47.74	836.56	9.83	33.13	1435.16	0.00	48.1	0.00	137.97	1276.85	65.00	0.00	0.00	97.43	1150.43	657.00
04/04/2018	75.31	583.73	42.65	585.28	11	18.52	1125.54	0.00	47.97	836.91	9.87	33.5	1435.93	0.00	48.2	0.00	138.98	1277.42	65.10	0.00	0.00	98.13	1150.88	963.40
04/05/2018	75.57	583.86	42.79	585.46	11	18.29	1125.54	0.00	48.11	837.11	9.86	33.75	1436.45	0.00	48.2	0.00	139.93	1277.94	65.30	0.00	0.00	98.42	1151.05	966.50
04/06/2018	75.9	584.02	42.94	585.59	10	18.25	1125.54	0.00	48.15	837.18	9.86	33.97	1436.92	0.00	46.6	0.00	140.78	1278.4	65.20	25.60	0.00	98.59	1151.16	967.10
04/07/2018	76.15	584.23	43	585.75	11	18.13	1125.54	0.00	48.15	837.18	9.83	34.13	1437.24	0.00	48.2	0.00	141.43	1278.75	64.60	59.40	0.00	98.56	1151.14	966.40
04/08/2018	76.4	584.38	42.96	585.8	11	18.04	1125.54	0.00	48.13	837.14	9.84	34.27	1437.54	0.00	48.3	0.00	141.59	1278.84	64.60	59.50	0.00	98.29	1150.96	966.20
04/09/2018	76.57	584.52	42.91	585.77	11	17.97	1125.54	0.00	48.36	837.49	9.82	34.18	1437.34	0.00	48.2	0.00	141.61	1278.85	64.70	59.50	0.00	97.97	1150.77	965.70
04/10/2018	76.79	584.63	42.76	585.71	11	17.9	1125.48	0.00	48.5	837.69	9.79	34.29	1437.57	0.00	48.3	0.00	142.15	1279.13	63.50	57.40	0.00	97.5	1150.48	964.00
04/11/2018	77	584.78	42.6	585.56	11	17.84	1125.48	0.00	48.69	837.97	9.76	34.41	1437.82	0.00	48.3	0.00	142.19	1279.16	64.70	59.90	0.00	97.08	1150.22	959.00
04/12/2018	77.08	584.9	42.54	585.4	12	17.84	1125.48	0.00	48.62	837.88	9.74	34.54	1438.1	0.00	48.3	0.00	142.24	1279.18	64.70	59.80	0.00	96.89	1150.10	959.80
04/13/2018	77.14	584.95	42.56	585.35	12	18.04	1125.20	0.00	48.6	837.84	9.73	34.73	1438.5	0.00	48.4	0.00	142.46	1279.31	64.70	59.90	0.00	96.79	1150.04	964.50
04/14/2018	77.23	585	42.73	585.37	12	18.17	1125.20	0.00	48.55	837.77	9.7	35.08	1439.22	0.00	48.4	0.00	143.06	1279.63	64.40	59.70	0.00	96.7	1149.98	973.60
04/15/2018	77.43	585.05	42.95	585.53	12	18.12	1125.20	0.00	48.22	837.29	9.68	35.36	1439.75	0.00	48.4	0.00	143.82	1280.06	64.40	59.70	0.00	96.65	1149.94	974.80
04/16/2018	78.2	585.17	45.39	585.75	14	19.35	1125.20	32.40	48.43	837.59	9.67	35.9	1440.86	0.00	69.2	0.00	145.45	1280.92	87.10	77.70	1.40	97.4	1150.42	969.40
04/17/2018	79.08	585.64	46.21	588.2	14	18.66	1129.34	10.10	48.64	837.9	9.67	35.73	1440.52	44.20	71	0.00	145.56	1280.98	0.00	0.00	22.90	98.14	1150.88	835.50
04/18/2018	79.56	586.15	46.08	589.03	425	18.35	1127.34	1.70	48.85	838.21	9.7	35.67	1440.39	6.50	71.1	0.00	145.1	1280.73	167.50	1.10	0.90	98.69	1151.22	417.00
04/19/2018	79.68	586.45	46.1	588.9	601	18.22	1126.58	0.00	49.02	838.48	9.72	35.63	1440.31	0.00	71.1	0.00	144.71	1280.52	216.10	177.40	0.00	99.11	1151.48	128.30
04/20/2018	79.61	586.5	45.92	588.94	607	18.11	1126.58	0.00	49.14	838.65	9.75	35.61	1440.27	0.00	71.1	0.00	144.37	1280.34	224.90	225.00	0.00	99.04	1151.44	324.30
04/21/2018	79.62	586.46	45.63	588.74	607	18.02	1126.58	0.00	49.15	838.66	9.79	35.62	1440.3	0.00	71.1	0.00	144.13	1280.21	224.70	225.10	0.00	98.42	1151.05	923.90
04/22/2018	79.57	586.47	45.28	588.44	606	17.97	1126.58	0.00	49.14	838.65	9.8	35.62	1440.3	0.00	71.1	0.00	143.87	1280.07	224.80	225.10	0.00	97.9	1150.73	964.00
04/23/2018	79.5	586.44	44.91	588.09	604	17.89	1125.43	0.00	49.11	838.6	9.8	35.6	1440.26	1.10	71	5.40	143.61	1279.93	224.80	225.00	0.00	97.48	1150.46	965.40
04/24/2018	79.52	586.4	44.88	587.72	559	17.9	1125.26	0.00	48.94	838.35	9.79	35.63	1440.31	0.00	70.9	19.90	143.54	1279.87	224.80	224.80	0.00	97.13	1150.25	964.90
04/25/2018	79.74	586.41	45.51	587.69	367	18.3	1125.26	0.00	49.06	838.53	9.79	35.75	1440.55	27.40	71	0.80	143.74	1280	224.80	224.60	0.00	97.55	1150.51	964.50
04/26/2018	79.8	586.53	45.87	588.32	311	18.24	1125.26	0.00	49.11	838.6	9.8	35.69	1440.43	29.80	71	0.00	143.87	1280.07	224.90	224.70	0.00	97.79	1150.66	965.30
04/27/2018	79.87	586.58	46.19	588.69	315	18.22	1126.30	0.00	49.16	838.67	9.81	35.68	1440.41	34.40	70.9	0.00	144.21	1280.25	224.90	224.70	0.00	97.95	1150.76	964.70
04/28/2018	80.12	586.61	46.47	589.01	315	18.23	1126.30	0.00	49.2	838.73	9.81	35.68	1440.41	35.10	70.9	0.00	144.28	1280.29	225.00	224.80	0.00	97.95	1150.76	964.90
04/29/2018	80.1	586.76	46.65	589.29	311	18.16	1126.30	0.00	49.22	838.76	9.78	35.65	1440.35	35.10	70.9	0.00	144.3	1280.3	224.90	224.90	0.00	97.87	1150.71	965.10
04/30/2018	80.12	586.75	46.81	589.45	296	18.26	1126.30	0.00	49.14	838.65	9.93	35.65	1440.35	39.90	70.9	0.00	144.41	1280.36	224.80	224.90	0.00	97.87	1150.71	964.90
05/01/2018	80.14	586.77	47.07	589.62	296	18.19	1126.30	0.00	49.01	838.45	14.67	35.64	1440.33	39.80	70.9	0.00	144.1	1280.19	224.90	224.90	0.00	97.79	1150.66	970.20
05/02/2018	80.28	586.79	47.26	589.9	39	18.34	1126.30	0.00	48.87	838.24	14.66	35.59	1440.24	39.80	70.9	0.00	144.02	1280.15	191.50	197.70	0.00	97.6	1150.54	971.40
05/03/2018	80.38	586.86	47.37	590.08	20	18.38	1126.30	0.00	48.88	838.26	14.65	35.54	1440.14	40.00	70.9	0.00	144.15	1280.23	174.90	174.50	0.00	97.5	1150.48	971.10
05/04/2018	80.55	586.93	47.37	590.18	22	18.37	1126.67	0.00	48.89	838.27	14.65	35.49	1440.03	39.80	70.9	0.00	144.19	1280.24	174.90	174.90	0.00	97.43	1150.44	971.10
05/05/2018	80.62	587.02	47.37	590.17	22	18.32	1126.67	0.00	48.92	838.32	14.63	35.43	1439.92	7.50	71	0.00	144.13	1280.21	174.90	175.00	0.00	97.31	1150.36	970.70
05/06/2018	80.77	587.07	47.4	590.18	23	18.43	1126.67	0.00	49.01	838.45	14.63	35.37	1439.8	0.00	66	0.00	144.35	1280.33	174.90	175.00	0.00	97.31	1150.36	970.40
05/07/2018	80.85	587.16	47.37	590.2	23	19.17	1126.82	0.00	49.07	838.55	14.65	35.3	1439.66	0.00	64.9	0.00	144.13	1280.21	155.20	86.00	0.00	97.23	1150.31	971.00
05/08/2018	80.88	587.21	47.34	590.18	21	19.69	1128.94	0.00	49.15	838.66	14.64	35.2	1439.46	0.00	64.9	0.00	144.11	1280.19	139.60	0.00	0.00	97.14	1150.25	832.80
05/09/2018	80.73	587.22	47.46	590.14	21	19.72	1128.94	0.00	49.18	838.7	14.65	35.08	1439.21	0.00	64.8	0.00	144	1280.13	193.80	0.00	0.00	97.14	1150.26	674.40
05/10/2018	80.57	587.13	47.48	590.26	22	19.68	1130.31	13.90	48.99	838.43	14.65	35.08	1439.23	0.00	64.8	0.00	144.21	1280.25	23.30	170.50	0.00	97.21	1150.30	666.50
05/11/2018	80.48	587.04	47.51	590.31	22	19.65	1130.31	36.70	48.89	838.28	14.63	35.15	1439.35	0.00	64.8	0.00	144.04	1280.16	0.00	193.90	0.00	97.13	1150.25	666.20
05/12/2018	80.37	586.98	47.52	590.31	23	19.66	1130.31	48.80	48.91	838.3	14.64	35.12	1439.3	0.00	64.8	0.00	144	1280.14	0.00	193.90	0.00	97.1	1150.23	666.50
05/13/2018	80.24	586.91	47.51	590.32	23	19.65	1130.31	57.40	48.77	838.09	14.63	35.22	1439.5	0.00	64.9	0.00	143.91	1280.09	0.00	193.90	0.00	97.03	1150.19	666.50
05/14/2018	80.18	586.84	47.49	590.31	22	19.66	1130.23	66.90	48.71	838	14.62	35.15	1439.36	0.00	64.9	0.00	143.78	1280.02	0.00	193.80	0.00	96.85	1150.08	666.40
05/15/2018	80.33	586.82	47.57	590.3	22	19.68	1130.19	66.00	48.89	838.29	14.65	35.17	1439.4	0.00	64.9	0.00	144.21	1280.25	0.00	193.90	0.00	96.92	1150.12	496.80
05/16/2018	80.4	586.89	47.53	590.37	22	19.65	1130.19	55.20	49.07	838.55	14.66	35.11	1439.27	0.00	64.9	0.00	144.04	1280.16	0.00	193.80	0.00	96.97	1150.15	472.10
05/17/2018	80.43	586.93	47.51	590.33	22	19.66	1130.24	58.40	48.93	838.33	14.72	35.15	1439.36	0.00	64.9	0.00	144.21	1280.25	0.00	193.90	0.00	96.95	1150.14	472.10
05/18/2018	80.42	586.96	47.5	590.31	22	19.63	1130.24	58.70	48.85	838.21	14.72	35.14	1439.33	0.00	64.9	0.00	144.24	1280.27	0.00	193.90	0.00	96.89	1150.10	472.00
05/19/2018	80.78	586.94	47.69	590.3	24	19.72	1130.24	30.00	49.01	838.46	14.73	35.59	1440.24	0.00	65	0.00	144.52	1280.42	0.00	193.80	0.00	97.19	1150.29	472.10
05/20/2018	80.96	587.17	47.61	590.47	24	19.69	1130.24	0.00	49.07	838.55	14.7	35.68	1440.41	0.00	70.5	0.00	144.41	1280.36	0.00	193.90	0.00	97.27	1150.34	523.00
05/21/2018	81.02	587.27	47.56	590.4	24	19.69	1130.24	0.00	49.08	838.56	14.72	35.62	1440.3	37.30	77.8	0.00	144.19	1280.24	48.70	194.00	0.00	97.26	1150.32	538.70
05/22/2018	81.07	587.3	47.53	590.36	24	19.67	1130.24	0.00	49.17	838.68	14.72	35.6	1440.26	45.10	77.7	0.00	143.98	1280.13	65.30	193.90	0.00	97.4	1150.42	538.70
05/23/2018	81.01	587.34	47.5	590.33	24	19.66	1130.25	0.00	49.22	838.76	14.73	35.56	1440.17	44.90	78	0.00	143.87	1280.07	4.70	193.90	0.00	97.4	1150.42	538.70
05/24/2018	80.95	587.3	47.46	590.3	23	19.66	1130.25	0.00	49.21	838.75	14.72	35.56	1440.17	14.60	77.8	0.00	143.72	1279.99	0.00	193.90	0.00	97.31	1150.36	538.60
05/25/2018	80.85	587.25	47.43	590.26	19	19.66	1130.18	0.00	49.24	838.8	14.71	35.54	1440.13	0.00	77.9	0.00	143.52	1279.88	0.00	193.80	0.00	97.16	1150.27	538.20
05/26/2018	80.74	587.21	47.42	590.24	16	19.66	1130.18	0.00	49.26	838.83	14.71	35.49	1440.04	0.00	77.9	0.00	143.32	1279.77	0.00	148.40	0.00	97.06	1150.21	472.40
05/27/2018	80.69	587.14	47.42	590.22	18	19.65	1130.18	0.00	49.3	838.89	14.72	35.32	1439.7	0.00	78	0.00	143.26	1279.74	0.00	103.20	0.00	97.05	1150.20	414.70
05/28/2018	80.57	587.1	47.41	590.22	18	19.62	1130.18	30.20	49.22	838.76	14.72	35.3	1439.65	0.00	65.6	0.00	143.13	1279.67	0.00	90.80	0.00	97.06	1150.21	297.10
05/29/2018	80.41	587.04	47.42	590.22	17	19.61	1130.18	89.30	49.17	838.69	14.71	35.24	1439.54	0.00	65.1	0.00	142.96	1279.58	0.00	90.40	0.00	96.85	1150.08	289.90
05/30/2018	80.21	586.94	47.44	590.23	16	19.59	1130.18	94.80	49.31	838.9	14.72	35.31	1439.67	0.00	65.1	0.00	142.71	1279.44	0.00	90.30	0.00	96.54	1149.88	289.60
05/31/2018	78.01	586.82	45.42	590.24	16	18.32	1130.18	97.00	49.03	839.32	14.74	34.98	1439.62	0.00	65.1	0.00	141.57	1279.32	0.00	90.40	0.00	93.92	1149.69	289.30
06/01/2018	78	586.77	45.44	590.26	16	18.29	1129.93	169.40	49.01	839.3	14.74	35.18	1440.03	38.00	67.6	0.00	141.48	1279.27	0.00	87.90	0.00	93.8	1149.61	282.70
06/02/2018	78.14	586.75	45.51	590.32	16	18.16	1129.93	342.50	49.03	839.33	14.74	35.05	1439.76	38.00	70.7	0.00	141.53	1279.3	0.00	90.30	0.00	93.57	1149.46	298.40
06/03/2018	78.24	586.85	45.44	590.4	16	18.18	1129.93	171.60	48.91	839.15	14.73	34.96	1439.59	0.00	70.6	0.00	141.77	1279.43	0.00	90.30	0.00	93.36	1149.32	297.60
06/04/2018	78.18	586.9	45.38	590.33	17	18.23	1129.55	96.30	48.9	839.13	14.72	34.89	1439.44	0.00	70.6	0.00	141.64	1279.36	0.00	90.20	0.00	93.14	1149.17	296.80
06/05/2018	78.02	586.86	45.35	590.27	17	18.28	1129.74	96.70	48.86	839.07	14.72	34.8	1439.27	0.00	70.6	0.00	141.59	1279.33	0.00	90.20	0.00	92.89	1149.00	296.40
06/06/2018	77.87	586.78	45.34	590.25	17	18.28	1129.80	102.00	48.76	838.91	14.72	34.76	1439.19	0.00	70.7	0.00	141.48	1279.27	0.00	90.30	0.00	92.6	1148.81	296.50
06/07/2018	77.92	586.67	45.12	590.23	16	18.28	1129.85	13.10	48.52	838.56	14.7	34.7	1439.07	0.00	8.8	0.00	141.25	1279.15	0.00	11.20	0.00	92.49	1148.73	36.90
06/08/2018	77.92	586.71	44.94	590.02	16	18.26	1129.85	111.40	48.54	838.59	14.72	34.62	1438.9	0.00	70.7	0.00	141.03	1279.03	0.00	90.20	0.00	92.17	1148.52	297.00
06/09/2018	77.91	586.71	44.75	589.83	15	18.23	1129.85	114.30	48.54	838.59	14.71	34.54	1438.73	0.00	70.7	0.00	140.75	1278.88	0.00	90.20	0.00	91.83	1148.29	298.60
06/10/2018	77.9	586.7	44.58	589.65	15	18.18	1129.85	115.80	48.55	838.59	14.73	34.45	1438.56	0.00	70.6	0.00	140.51	1278.75	0.00	90.10	0.00	91.49	1148.06	297.20
06/11/2018	77.87	586.7	44.38	589.46	16	18.14	1129.85	118.50	48.56	838.62	14.73	34.38	1438.4	0.00	70.6	0.00	140.24	1278.6	0.00	90.10	0.00	91.14	1147.83	289.00
06/12/2018	77.84	586.69	44.17	589.26	16	18.08	1129.85	122.00	48.5	838.53	14.72	34.28	1438.19	0.00	70.8	0.00	139.96	1278.45	0.00	90.10	0.00	90.76	1147.57	299.40
06/13/2018	77.77	586.66	43.97	589.05	18	18.02	1129.25	123.40	48.43	838.43	14.71	34.3	1438.23	0.00	70.8	0.00	139.7	1278.32	0.00	90.00	0.00	90.43	1147.35	297.10
06/14/2018	77.73	586.64	43.77	588.85	18	17.99	1129.17	122.50	48.35	838.3	14.71	34.3	1438.23	0.00	70.8	0.00	139.42	1278.16	0.00	90.00	0.00	90.04	1147.09	297.30
06/15/2018	77.74	586.61	43.57	588.64	18	17.87	1128.90	125.90	48.31	838.24	14.71	34.2	1438.03	0.00	65	0.00	139.18	1278.03	0.00	86.70	0.00	89.7	1146.86	267.70
06/16/2018	77.72	586.61	43.36	588.42	18	17.79	1128.90	132.40	48.31	838.25	14.74	34.05	1437.73	0.00	65	0.00	139.11	1277.99	0.00	86.70	0.00	89.31	1146.60	267.60
06/17/2018	77.72	586.6	43.15	588.21	16	17.7	1128.90	133.90	48.28	838.2	14.73	34.04	1437.71	0.00	64.9	0.00	138.84	1277.84	0.00	87.10	0.00	88.82	1146.27	391.80
06/18/2018	77.71	586.59	42.96	588	15	17.62	1128.20	133.20	48.25	838.16	14.71	34.05	1437.73	0.00	64.9	0.00	138.04	1277.39	0.00	87.40	0.00	88.46	1146.03	299.40
06/19/2018	77.69	586.59	42.72	587.8	17	17.53	1127.97	132.60	48.26	838.17	14.71	33.94	1437.49	0.00	64.9	0.00	137.65	1277.17	0.00	87.40	0.00	88.1	1145.79	265.90
06/20/2018	77.68	586.57	42.45	587.56	17	17.44	1127.97	136.00	48.38	838.35	14.71	33.76	1437.12	0.00	64.8	0.00	137.18	1276.9	0.00	87.40	0.00	87.76	1145.56	265.80
06/21/2018	77.67	586.58	42.17	587.27	15	17.3	1127.41	135.80	48.33	838.28	14.7	33.74	1437.08	0.00	64.8	0.00	136.73	1276.66	0.00	87.30	0.00	87.36	1145.29	265.60
06/22/2018	77.62	586.55	41.9	587	15	17.22	1127.13	137.80	48.36	838.32	14.71	33.64	1436.88	0.00	64.8	0.00	136.25	1276.39	0.00	87.20	0.00	86.95	1145.02	265.30
06/23/2018	77.62	586.54	41.64	586.72	18	17.15	1127.13	140.00	48.32	838.26	14.72	33.63	1436.86	0.00	64.8	0.00	135.93	1276.21	0.00	87.20	0.00	86.65	1144.81	265.00
06/24/2018	77.67	586.53	41.43	586.46	18	17.21	1127.13	140.00	48.29	838.22	14.71	33.65	1436.9	0.00	64.8	0.00	135.63	1276.04	0.00	87.20	0.00	86.44	1144.66	264.80
06/25/2018	77.65	586.57	41.14	586.23	18	17.18	1127.13	138.90	48.32	838.26	14.73	33.53	1436.65	0.00	64.7	0.00	135.23	1275.82	0.00	87.20	0.00	86.21	1144.50	264.80
06/26/2018	77.62	586.55	40.86	585.93	18	17.1	1127.13	138.50	48.31	838.24	14.72	33.49	1436.56	0.00	64.7	0.00	134.81	1275.57	0.00	87.10	0.00	85.87	1144.26	264.70
06/27/2018	77.78	586.54	40.75	585.65	18	17.02	1126.53	140.20	48.43	838.43	14.73	33.56	1436.7	0.00	64.8	0.00	134.5	1275.41	0.00	87.10	0.00	85.71	1144.15	264.50
06/28/2018	77.77	586.62	40.48	585.54	18	17	1126.53	139.20	48.53	838.57	14.75	33.71	1437.02	0.00	64.9	0.00	134.38	1275.34	0.00	87.00	0.00	85.85	1144.25	264.40
06/29/2018	77.75	586.62	40.11	585.27	17	16.93	1126.20	139.00	48.57	838.64	14.75	33.73	1437.06	0.00	64.9	0.00	134.06	1275.16	0.00	87.00	0.00	85.88	1144.27	264.50
06/30/2018	77.72	586.61	39.74	584.88	17	16.85	1126.20	139.90	48.61	838.7	14.77	33.73	1437.06	0.00	64.9	0.00	133.65	1274.93	0.00	87.00	0.00	85.73	1144.16	412.60
07/01/2018	77.73	586.59	39.37	584.48	16	16.76	1126.20	138.70	48.47	838.48	14.77	33.71	1437.02	0.00	73.7	0.00	133.22	1274.69	0.00	97.90	0.00	85.36	1143.90	463.70
07/02/2018	77.71	586.6	38.98	584.07	16	16.64	1125.50	138.50	48.45	838.45	14.75	33.68	1436.96	0.00	78	0.00	132.82	1274.47	0.00	103.30	0.00	85.03	1143.67	409.60
07/03/2018	77.7	586.58	38.58	583.64	17	16.54	1125.50	138.60	48.37	838.34	14.76	33.6	1436.8	0.00	78	0.00	132.43	1274.25	0.00	103.20	0.00	84.79	1143.50	397.50
07/04/2018	77.67	586.58	38.17	583.21	17	16.44	1125.50	141.50	48.35	838.31	14.76	33.57	1436.73	0.00	78	0.00	131.77	1273.88	0.00	103.10	0.00	84.52	1143.31	312.30
07/05/2018	77.66	586.56	37.82	582.76	17	16.34	1125.50	142.80	48.32	838.26	14.75	33.55	1436.69	0.00	69.4	0.00	131.52	1273.74	0.00	91.90	0.00	84.25	1143.12	267.90
07/06/2018	77.61	586.55	37.46	582.38	19	16.24	1124.38	142.90	48.32	838.26	14.75	33.55	1436.68	0.00	65.2	0.00	131.16	1273.54	0.00	86.40	0.00	83.99	1142.94	267.70
07/07/2018	77.58	586.52	37.08	581.98	19	16.13	1124.38	141.90	48.33	838.27	14.75	33.51	1436.61	0.00	65.2	0.00	130.75	1273.31	0.00	86.30	0.00	83.68	1142.72	267.60
07/08/2018	77.54	586.51	36.71	581.57	17	16.03	1124.38	142.60	48.39	838.37	14.74	33.48	1436.54	0.00	65.2	0.00	130.27	1273.04	0.00	86.40	0.00	83.32	1142.47	267.40
07/09/2018	77.53	586.48	36.33	581.17	17	16.23	1124.34	144.80	48.42	838.41	14.73	33.44	1436.47	0.00	65.1	0.00	129.8	1272.77	0.00	87.00	0.00	82.95	1142.21	267.10
07/10/2018	77.48	586.48	35.92	580.75	17	15.78	1123.00	145.40	48.48	838.5	14.74	33.42	1436.42	0.00	65.1	0.00	129.15	1272.39	0.00	87.00	0.00	82.56	1141.94	266.90
07/11/2018	77.44	586.45	35.53	580.31	17	15.65	1123.00	144.90	48.48	838.5	14.74	33.35	1436.28	0.00	65.1	0.00	128.71	1272.14	0.00	86.90	0.00	82.21	1141.68	266.60
07/12/2018	77.41	586.43	35.15	579.88	17	15.51	1122.21	144.20	48.49	838.52	14.75	33.31	1436.2	0.00	65.1	0.00	128.2	1271.84	0.00	86.90	0.00	81.81	1141.41	266.30
07/13/2018	77.27	586.4	34.9	579.44	17	15.38	1121.90	146.20	48.43	838.42	14.75	33.28	1436.12	0.00	65.1	0.00	127.73	1271.56	0.00	86.80	0.00	81.53	1141.21	266.10
07/14/2018	77.36	586.32	34.6	579.15	18	15.29	1121.90	148.40	48.25	838.15	14.73	33.25	1436.07	0.00	65.1	0.00	127.4	1271.38	0.00	86.80	0.00	81.51	1141.20	266.00
07/15/2018	77.34	586.37	34.29	578.8	19	15.19	1121.90	146.60	48.16	838.02	14.72	33.22	1436.01	0.00	65.1	0.00	126.99	1271.14	0.00	86.70	0.00	81.23	1141.00	350.00
07/16/2018	77.32	586.37	33.99	578.44	19	15.09	1121.90	146.10	48.17	838.03	14.72	33.19	1435.94	0.00	65	0.00	126.5	1270.86	0.00	86.80	0.00	80.8	1140.70	321.10
07/17/2018	77.38	586.35	33.7	578.08	19	15.05	1121.90	146.50	48.23	838.12	14.71	33.17	1435.9	0.00	61	0.00	126.18	1270.67	0.00	81.20	0.00	80.69	1140.62	233.90
07/18/2018	77.31	586.39	33.4	577.75	15	14.95	1120.45	145.40	48.22	838.11	14.72	33.13	1435.82	0.00	61	0.00	125.71	1270.4	0.00	81.20	0.00	80.54	1140.52	233.90
07/19/2018	77.29	586.35	33.07	577.41	19	14.84	1120.45	144.90	48.22	838.11	14.71	33.08	1435.72	0.00	61.1	0.00	125.28	1270.15	0.00	81.10	0.00	80.26	1140.32	233.70
07/20/2018	77.28	586.34	32.73	577.03	19	14.75	1120.45	134.50	48.29	838.22	14.73	33.04	1435.64	0.00	61.1	0.00	124.8	1269.86	0.00	80.60	0.00	79.93	1140.09	233.60
07/21/2018	77.28	586.33	32.45	576.63	20	14.68	1120.45	111.60	48.34	838.3	14.73	33.02	1435.57	0.00	61	0.00	124.31	1269.61	0.00	81.00	0.00	79.62	1139.87	233.30
07/22/2018	77.57	586.35	32.48	576.32	24	14.68	1120.45	92.30	48.48	838.5	14.76	33.14	1435.84	0.00	61.1	0.00	124.24	1269.56	0.00	80.90	0.00	79.34	1139.66	233.10
07/23/2018	77.82	586.51	34.14	576.34	26	17.86	1120.45	35.40	48.47	838.49	14.78	34.32	1438.3	0.00	61.1	0.00	124.8	1269.86	0.00	80.90	0.00	79.45	1139.74	233.00
07/24/2018	77.71	586.65	36.7	578.28	26	18.56	1120.45	1.90	48.16	838.02	14.77	35.26	1440.18	0.00	61.1	0.00	125.38	1270.22	0.00	81.00	0.00	79.68	1139.91	233.20
07/25/2018	77.59	586.59	39.09	581.16	25	18.7	1130.75	6.10	48.01	837.79	14.74	35.63	1440.92	0.00	61.1	0.00	128.68	1272.13	0.00	78.00	0.00	80.97	1140.82	233.40
07/26/2018	77.32	586.52	40.49	583.77	24	18.53	1130.75	2.30	47.87	837.58	14.73	35.43	1440.51	23.50	53.2	0.00	130.95	1273.42	0.00	74.70	0.00	82.75	1142.07	234.50
07/27/2018	77.15	586.35	41.21	585.27	249	18.46	1130.44	1.20	47.87	837.59	14.73	35.22	1440.1	59.60	58.3	0.00	132.36	1274.21	81.60	13.20	0.00	83.46	1142.57	308.30
07/28/2018	76.84	586.25	41.49	586.02	403	18.43	1130.44	1.10	47.71	837.35	14.72	35.04	1439.74	60.90	61.6	0.00	133.23	1274.71	108.10	0.00	0.00	83.9	1142.88	350.40
07/29/2018	76.56	586.07	41.57	586.3	404	18.4	1130.44	5.70	47.43	836.93	14.67	34.81	1439.29	61.10	61.6	0.00	133.95	1275.1	109.70	0.00	0.00	84.1	1143.02	354.30
07/30/2018	76.26	585.89	41.72	586.38	404	18.37	1130.44	30.00	47.57	837.14	14.67	34.57	1438.8	60.70	61.7	0.00	133.97	1275.11	109.80	0.00	0.00	84.2	1143.09	354.40
07/31/2018	76.33	585.71	41.52	586.53	254	18.39	1130.15	39.80	47.73	837.37	14.67	34.31	1438.26	60.90	61.7	0.00	133.23	1274.7	109.80	0.00	0.00	84.25	1143.12	354.50
08/01/2018	76.5	585.76	42.43	586.33	207	18.58	1130.10	18.50	48.19	838.07	14.7	35.13	1439.92	61.10	62	0.00	133.38	1274.78	109.80	0.00	0.00	84.29	1143.15	354.40
08/02/2018	76.62	585.86	42.65	587.25	207	18.51	1130.65	1.10	48.18	838.05	14.72	35.37	1440.4	61.00	62.2	0.00	133.41	1274.8	109.80	0.00	0.00	84.36	1143.20	354.40
08/03/2018	76.94	585.93	44.08	587.49	439	18.97	1130.32	29.80	48.56	838.62	14.74	35.74	1441.13	61.10	62.2	0.00	137.18	1276.92	110.10	0.00	0.00	85.77	1144.19	355.20
08/04/2018	76.99	586.13	45.1	588.96	599	18.6	1130.32	27.70	48.49	838.52	14.77	35.51	1440.67	61.00	62.1	0.00	139.72	1278.32	206.80	200.10	0.00	87.27	1145.23	356.50
08/05/2018	77.13	586.15	45.03	590	609	18.5	1130.32	3.60	48.11	837.94	14.76	35.41	1440.47	61.00	62	0.00	141.12	1279.08	225.90	226.20	0.00	88.07	1145.77	357.40
08/06/2018	77.13	586.23	44.66	589.93	610	18.48	1130.50	0.90	47.97	837.73	14.73	35.33	1440.32	60.70	62	0.00	141.51	1279.29	225.80	226.10	0.00	88.41	1146.00	509.90
08/07/2018	77.09	586.24	44.11	589.55	610	18.47	1130.50	0.00	47.83	837.52	14.72	35.31	1440.27	61.00	62	0.00	141.38	1279.22	225.80	226.20	0.00	88.8	1146.27	601.80
08/08/2018	77.14	586.22	43.83	588.98	609	18.55	1130.50	0.70	47.81	837.49	14.7	35.3	1440.26	60.90	62	0.00	142.82	1280	225.90	226.30	0.00	89.92	1147.02	710.10
08/09/2018	76.93	586.24	43.43	588.7	609	18.45	1130.48	0.00	47.71	837.34	14.69	35.28	1440.22	61.00	62	0.00	143.47	1280.35	225.90	226.20	0.00	90.61	1147.47	934.00
08/10/2018	76.99	586.12	42.98	588.29	608	18.45	1130.33	0.00	47.68	837.3	14.68	35.27	1440.19	61.10	62	0.00	143.4	1280.31	225.70	225.90	0.00	90.7	1147.53	968.50
08/11/2018	77.09	586.15	42.81	587.82	608	18.53	1130.33	0.00	47.69	837.31	14.7	35.3	1440.26	61.10	62	0.00	143.47	1280.35	225.70	225.90	0.00	90.99	1147.73	970.10
08/12/2018	77.1	586.22	42.52	587.65	608	18.49	1130.33	0.00	47.62	837.21	14.69	35.29	1440.24	60.90	62	0.00	143.23	1280.22	225.70	226.00	0.00	90.98	1147.72	970.90
08/13/2018	77.33	586.21	44.07	587.35	607	19.11	1130.35	54.90	48.06	837.87	14.7	35.65	1440.95	61.00	62	0.00	144.25	1280.77	225.60	223.20	0.00	90.89	1147.66	971.20
08/14/2018	77.48	586.36	45.4	588.95	610	18.89	1131.43	55.90	48.25	838.16	14.73	35.48	1440.61	60.90	62	0.00	144.86	1281.1	43.00	38.10	4.90	91.89	1148.33	972.60
08/15/2018	77.95	586.45	45.33	590.29	610	18.68	1130.88	12.40	48.25	838.16	14.74	35.37	1440.4	60.70	61.6	0.00	144.45	1280.88	0.30	41.60	0.00	92.37	1148.65	974.40
08/16/2018	78.02	586.73	45.06	590.22	610	18.47	1130.35	1.40	48.13	837.98	14.73	35.3	1440.26	60.90	61.6	0.00	143.91	1280.59	159.60	174.80	0.00	92.49	1148.73	971.20
08/17/2018	78.88	586.77	46.24	589.96	611	18.94	1131.56	53.90	48.41	838.39	14.74	35.87	1441.39	45.80	53.5	0.00	145.04	1281.2	152.90	163.90	0.00	93.59	1149.47	972.10
08/18/2018	80.23	587.29	46.12	591.1	611	18.72	1131.31	36.50	48.55	838.61	14.74	35.5	1440.65	59.80	60.8	0.00	145.69	1281.55	0.00	38.50	0.00	96.4	1151.29	977.00
08/19/2018	80.06	588.1	45.78	590.98	158	18.59	1131.31	10.20	48.55	838.6	14.76	35.38	1440.42	61.90	60.8	0.00	144.99	1281.17	0.00	38.40	0.00	96.83	1151.55	966.60
08/20/2018	79.77	588	45.59	590.65	14	18.54	1131.31	1.40	48.45	838.45	14.76	35.33	1440.32	61.80	60.8	0.00	144.43	1280.87	4.80	42.90	0.00	96.55	1151.37	964.50
08/21/2018	79.55	587.82	45.45	590.47	74	18.5	1130.52	0.00	48.33	838.28	14.78	35.3	1440.25	61.80	60.8	0.00	143.88	1280.57	194.80	188.80	0.00	96.1	1151.09	966.00
08/22/2018	79.14	587.69	45.25	590.34	290	18.5	1130.52	0.00	48.2	838.08	14.75	35.32	1440.29	61.80	60.8	0.00	143.53	1280.38	227.80	223.30	0.00	95.71	1150.84	965.60
08/23/2018	78.96	587.45	44.79	590.14	546	18.46	1130.52	0.00	48.01	837.8	14.74	35.29	1440.23	62.20	60.8	0.00	143.23	1280.22	228.00	223.40	0.00	95.23	1150.54	964.60
08/24/2018	78.51	587.34	44.55	589.68	600	18.44	1130.52	0.00	47.98	837.75	14.75	35.27	1440.19	62.10	60.8	0.00	142.82	1280	227.90	223.60	0.00	94.76	1150.24	963.80
08/25/2018	78	587.07	44.29	589.43	600	18.43	1130.52	0.00	47.95	837.71	14.75	35.24	1440.15	62.20	60.8	0.00	142.34	1279.74	227.80	223.60	0.00	94.29	1149.94	973.90
08/26/2018	77.51	586.76	43.99	589.17	599	18.43	1130.52	0.00	47.88	837.6	14.75	35.23	1440.13	62.20	60.8	0.00	141.88	1279.49	227.90	223.60	0.00	93.83	1149.62	969.30
08/27/2018	76.98	586.46	43.65	588.86	598	18.42	1130.22	5.80	47.83	837.53	14.74	35.22	1440.1	61.70	60.7	0.00	141.31	1279.18	227.80	223.60	0.00	93.28	1149.26	968.90
08/28/2018	76.39	586.14	43.29	588.51	607	18.39	1130.22	37.40	47.89	837.62	14.74	35.2	1440.07	61.80	61.3	0.00	140.68	1278.84	227.70	223.60	0.00	92.56	1148.78	966.70
08/29/2018	75.79	585.8	42.92	588.14	608	18.39	1130.12	56.90	48.03	837.81	14.74	35.16	1439.99	61.80	61.4	0.00	140.09	1278.52	227.70	223.60	0.00	91.78	1148.26	963.30
08/30/2018	75.17	585.43	42.48	587.76	609	18.37	1130.13	34.80	47.93	837.67	14.75	35.13	1439.92	61.80	61.5	0.00	139.42	1278.16	227.80	223.60	0.00	91.19	1147.86	955.20
08/31/2018	74.57	585.05	42.18	587.31	612	18.17	1129.93	271.30	47.77	837.43	14.74	35.11	1439.89	62.00	61.4	0.00	138.75	1277.79	227.70	223.60	0.00	90.55	1147.43	924.00
09/01/2018	73.99	584.69	42.23	587.01	612	17.75	1129.93	569.60	47.59	837.17	14.75	35.06	1439.79	62.10	61.3	0.00	138.04	1277.39	227.90	223.60	0.00	89.97	1147.04	871.50
09/02/2018	73.4	584.32	42.28	587.06	611	17.33	1129.93	566.60	47.55	837.11	14.73	34.88	1439.43	61.80	61.2	0.00	137.4	1277.03	199.50	223.90	0.00	89.41	1146.67	812.90
09/03/2018	72.84	583.95	42.14	587.11	611	17.16	1129.93	312.10	47.63	837.22	14.74	34.59	1438.85	61.70	61.1	0.00	136.68	1276.63	187.90	195.60	0.00	88.88	1146.30	750.80
09/04/2018	72.25	583.61	41.76	586.96	611	17.1	1126.63	127.80	47.68	837.3	14.73	34.29	1438.22	61.70	61.1	0.00	135.97	1276.23	187.70	184.10	0.00	88.32	1145.94	743.80
09/05/2018	71.65	583.24	41.36	586.57	612	17.08	1126.55	125.20	47.75	837.41	14.73	33.99	1437.59	61.90	61	0.00	135.27	1275.84	188.00	183.80	0.00	87.79	1145.58	748.30
09/06/2018	71.38	582.86	40.68	586.17	614	17.07	1126.55	122.20	47.76	837.42	14.73	33.73	1437.06	61.90	61.2	0.00	134.84	1275.6	187.80	183.70	0.00	87.3	1145.25	739.00
09/07/2018	71.16	582.7	39.92	585.47	618	17.02	1126.38	118.50	47.85	837.56	14.74	33.45	1436.49	61.70	61.2	0.00	134.2	1275.24	187.70	183.60	0.00	86.78	1144.90	733.60
09/08/2018	70.85	582.56	39.2	584.67	618	16.97	1126.38	121.20	47.75	837.41	14.74	33.34	1436.25	61.80	61.3	0.00	133.47	1274.83	187.90	183.40	0.00	86.21	1144.50	741.80
09/09/2018	70.6	582.37	38.56	583.88	618	16.9	1126.38	124.40	47.61	837.19	14.73	33.3	1436.16	61.70	61.4	0.00	132.75	1274.43	187.90	183.40	0.00	85.67	1144.12	735.50
09/10/2018	70.58	582.21	38.53	583.18	616	16.85	1126.00	114.90	47.87	837.58	14.72	33.7	1437	61.90	61.5	0.00	132.7	1274.4	187.80	183.60	0.00	85.64	1144.10	737.20
09/11/2018	70.41	582.19	38.23	583.15	613	16.79	1125.80	98.30	47.97	837.77	14.73	33.85	1437.31	61.90	61.4	0.00	132.29	1274.17	187.80	183.60	0.00	85.48	1143.98	745.60
09/12/2018	70.17	582.09	38.08	582.82	612	16.75	1125.80	91.90	48.02	837.81	14.75	33.99	1437.6	61.90	61.5	0.00	131.82	1273.91	187.70	183.50	0.00	85.13	1143.74	736.30
09/13/2018	69.95	581.94	37.77	582.66	614	16.72	1125.54	92.30	48.15	838	14.75	34.18	1438	61.70	61.3	0.00	131.48	1273.72	187.90	183.60	0.00	84.86	1143.55	737.10
09/14/2018	69.67	581.8	37.42	582.32	618	16.69	1125.54	93.30	48.11	837.95	14.75	34.29	1438.22	61.70	61.4	0.00	131.02	1273.46	222.80	207.70	0.00	84.3	1143.16	883.40
09/15/2018	69.34	581.62	37.06	581.94	619	16.65	1125.54	95.70	48	837.78	14.75	34.34	1438.33	61.80	61.4	0.00	130.5	1273.17	227.80	223.30	0.00	83.65	1142.70	964.90
09/16/2018	68.93	581.42	36.74	581.55	619	16.62	1125.54	102.20	47.87	837.59	14.73	34.37	1438.39	61.70	61.5	0.00	129.92	1272.84	227.90	224.10	0.00	82.94	1142.20	968.80
09/17/2018	68.65	581.16	36.64	581.2	621	16.7	1125.12	80.30	47.79	837.47	14.73	34.6	1438.86	61.80	61.5	0.00	129.78	1272.76	227.80	223.90	0.00	82.45	1141.86	912.80
09/18/2018	69.04	580.99	37.38	581.08	621	17.21	1125.44	15.90	47.99	837.77	14.74	35.47	1440.59	62.10	61.4	0.00	130.5	1273.17	227.90	224.00	0.00	82.61	1141.97	888.20
09/19/2018	69.21	581.23	37.12	581.9	602	17.02	1126.90	1.20	47.97	837.74	14.75	35.37	1440.39	62.10	61.2	0.00	130.39	1273.11	227.70	224.20	0.00	82.52	1141.91	740.80
09/20/2018	69.07	581.34	36.88	581.62	597	16.9	1126.25	1.10	48	837.78	14.76	35.31	1440.27	61.90	61.2	0.00	130.03	1272.9	227.90	224.20	0.00	82.38	1141.81	597.80
09/21/2018	68.66	581.25	36.75	581.35	599	16.87	1126.25	1.10	48.13	837.97	14.76	35.37	1440.39	61.80	61.1	0.00	129.99	1272.88	227.80	224.10	0.00	82.61	1141.97	484.60
09/22/2018	68.25	580.99	36.58	581.22	599	16.87	1126.25	1.10	48.21	838.09	14.77	35.36	1440.37	61.80	61.1	0.00	129.96	1272.86	227.90	224.30	0.00	82.92	1142.19	448.10
09/23/2018	67.86	580.74	36.28	581.03	593	16.83	1126.25	1.10	48.24	838.14	14.8	35.31	1440.27	62.00	61.3	0.00	129.68	1272.7	227.90	224.30	0.00	83.03	1142.27	448.20
09/24/2018	67.63	580.49	36.04	580.7	591	16.81	1126.25	0.10	48.01	837.8	14.81	35.31	1440.28	62.00	61.3	0.00	129.7	1272.7	227.90	224.30	0.00	83.12	1142.32	564.60
09/25/2018	67.91	580.35	37.48	580.44	598	17.27	1125.74	6.30	48.37	838.36	14.78	35.68	1441.02	62.10	61.4	0.00	131.38	1273.67	227.80	224.30	0.00	84.33	1143.18	892.70
09/26/2018	68.08	580.53	38.34	582.01	598	17.33	1127.02	20.00	48.38	838.34	14.77	35.64	1440.94	61.90	61.3	0.00	133.7	1274.96	227.90	224.30	0.00	85.33	1143.88	963.80
09/27/2018	68.54	580.63	38.76	582.94	600	17.24	1127.16	11.10	48.37	838.34	14.78	35.54	1440.73	61.80	61.1	0.00	135.59	1276.03	227.90	224.20	0.00	86.07	1144.40	964.50
09/28/2018	68.95	580.92	39.12	583.4	605	17.29	1127.16	9.40	48.51	838.55	14.8	35.5	1440.65	61.80	61	0.00	137.45	1277.06	227.90	224.30	0.00	87.36	1145.29	965.60
09/29/2018	69.41	581.18	38.95	583.8	605	17.13	1127.16	2.10	48.33	838.28	14.82	35.41	1440.47	61.80	61	0.00	138.54	1277.67	227.90	224.30	0.00	87.97	1145.71	967.70
09/30/2018	69.76	581.46	38.6	583.61	603	17.04	1127.16	0.40	48.04	837.84	14.79	35.37	1440.39	62.10	61	0.00	139.26	1278.07	228.00	224.30	0.00	88.25	1145.89	969.90
10/01/2018	69.94	581.68	38.25	583.22	600	17.02	1127.16	0.00	47.85	837.56	14.79	35.33	1440.31	62.10	61	0.00	140	1278.48	227.80	224.20	0.00	88.4	1145.99	971.00
10/02/2018	70.21	581.8	38.3	582.84	602	17.21	1127.16	1.20	47.51	837.04	14.78	35.51	1440.68	59.80	58.4	0.00	141.4	1279.23	227.90	224.30	0.00	89.43	1146.68	969.70
10/03/2018	70.43	581.96	38.14	582.9	602	17.11	1127.16	0.00	48.11	837.95	14.81	35.4	1440.46	62.20	60.9	0.00	142.25	1279.69	227.90	224.20	0.00	90.01	1147.07	971.70
10/04/2018	70.48	582.1	37.91	582.73	597	17.04	1126.54	0.00	48.09	837.92	14.8	35.37	1440.4	62.20	60.9	0.00	142.9	1280.04	227.90	224.30	0.00	90.43	1147.35	972.40
10/05/2018	70.25	582.13	37.72	582.47	596	16.87	1126.35	122.70	47.95	837.71	14.81	35.32	1440.29	62.10	60.9	0.00	143.27	1280.24	227.90	224.20	0.00	90.58	1147.45	971.70
10/06/2018	70.05	581.99	37.7	582.27	596	16.76	1126.35	327.70	47.97	837.73	14.81	35.3	1440.26	62.20	60.9	0.00	143.25	1280.23	227.80	224.30	0.00	90.59	1147.46	969.50
10/07/2018	69.83	581.86	37.5	582.25	596	16.85	1126.35	161.70	47.95	837.7	14.82	35.29	1440.24	62.20	60.9	0.00	143.14	1280.17	227.80	224.30	0.00	90.49	1147.39	967.80
10/08/2018	69.57	581.73	37.12	582.02	593	16.88	1126.35	0.50	47.92	837.66	14.81	35.28	1440.22	62.30	60.9	0.00	143.05	1280.12	227.90	224.20	0.00	90.25	1147.23	968.50
10/09/2018	69.13	581.56	36.83	581.62	593	16.86	1125.87	0.00	47.85	837.55	14.81	35.27	1440.2	62.30	60.9	0.00	142.81	1279.99	227.90	224.10	0.00	89.92	1147.00	967.10
10/10/2018	68.66	581.29	36.53	581.3	598	16.86	1125.87	0.00	47.65	837.25	14.81	35.25	1440.16	62.20	61	0.00	142.82	1280	227.80	224.00	0.00	89.59	1146.79	967.70
10/11/2018	68.42	580.99	36.67	580.98	603	16.94	1125.87	0.00	48.1	837.92	14.79	35.44	1440.54	62.10	61	0.00	143.21	1280.2	227.80	223.90	0.00	89.98	1147.05	968.40
10/12/2018	67.97	580.85	36.47	581.11	603	16.91	1125.87	0.00	48.09	837.92	14.81	35.37	1440.4	62.00	61	0.00	143.19	1280.2	227.90	224.00	0.00	90.05	1147.10	967.20
10/13/2018	67.5	580.55	36.23	580.9	599	16.88	1125.87	0.00	47.99	837.76	14.8	35.32	1440.29	62.00	61	0.00	143.21	1280.21	227.90	224.10	0.00	90.1	1147.13	967.80
10/14/2018	67	580.27	35.96	580.65	596	16.85	1125.87	0.00	47.83	837.53	14.81	35.3	1440.26	62.10	61	0.00	143.12	1280.17	227.80	224.20	0.00	90.01	1147.07	966.90
10/15/2018	66.48	579.95	35.68	580.34	597	16.86	1125.87	0.00	47.7	837.33	14.79	35.3	1440.26	62.20	60.9	0.00	143.19	1280.2	216.80	214.70	0.00	89.94	1147.02	965.90
10/16/2018	65.93	579.62	35.38	580.06	597	16.83	1125.81	0.00	47.69	837.31	14.78	35.29	1440.24	62.00	60.9	0.00	142.95	1280.07	226.60	224.30	0.00	89.94	1147.01	974.00
10/17/2018	65.41	579.26	35.1	579.71	590	16.76	1125.60	0.00	47.65	837.25	14.78	35.26	1440.18	62.10	60.9	0.00	142.79	1279.98	226.50	224.30	0.00	89.77	1146.91	974.30
10/18/2018	64.88	578.92	34.86	579.39	590	16.83	1125.78	0.00	47.45	836.95	14.78	35.25	1440.16	62.00	60.9	0.00	142.58	1279.87	226.50	224.40	0.00	89.55	1146.76	975.10
10/19/2018	64.36	578.57	34.65	579.12	513	16.81	1125.71	0.00	47.41	836.89	14.76	35.26	1440.17	62.00	60.9	0.00	142.16	1279.64	226.40	224.00	0.00	89.23	1146.55	968.50
10/20/2018	63.87	578.22	34.44	578.85	501	16.7	1125.71	0.00	47.39	836.87	14.75	35.24	1440.15	62.00	60.9	0.00	141.73	1279.42	226.40	225.60	0.00	89	1146.39	968.00
10/21/2018	63.32	577.91	34.14	578.6	501	16.79	1125.71	0.00	47.33	836.77	14.77	35.21	1440.09	62.00	60.9	0.00	141.33	1279.19	226.50	226.00	0.00	88.65	1146.16	967.20
10/22/2018	62.75	577.55	33.81	578.28	501	16.78	1125.71	0.00	47.31	836.74	14.77	35.22	1440.1	62.00	60.9	0.00	140.77	1278.89	226.50	225.80	0.00	88.25	1145.89	967.00
10/23/2018	62.25	577.18	33.55	577.89	496	16.78	1125.71	0.00	47.27	836.69	14.76	35.21	1440.08	62.00	60.9	0.00	140.26	1278.61	226.40	225.60	0.00	87.8	1145.59	966.50
10/24/2018	61.8	576.85	33.25	577.58	499	16.77	1125.71	0.00	47.46	836.97	14.78	35.14	1439.94	61.90	61	0.00	139.61	1278.26	226.70	225.50	0.00	87.19	1145.18	965.90
10/25/2018	61.39	576.56	32.94	577.24	499	16.78	1125.65	0.00	47.66	837.27	14.79	35.13	1439.93	62.00	61.1	0.00	139.04	1277.94	226.40	225.30	0.00	86.5	1144.69	964.50
10/26/2018	60.97	576.28	32.64	576.88	494	16.75	1125.55	0.00	47.71	837.36	14.8	35.05	1439.77	61.90	61	0.00	138.4	1277.59	226.40	225.40	0.00	86	1144.35	963.80
10/27/2018	60.65	576.01	32.7	576.54	495	17.22	1125.55	0.00	47.78	837.45	14.8	35.21	1440.08	61.90	60.9	0.00	138.36	1277.57	226.40	225.40	0.00	85.9	1144.28	964.10
10/28/2018	60.65	575.8	32.81	576.6	495	17.14	1125.55	0.00	47.75	837.4	14.78	35.29	1440.23	62.00	60.9	0.00	138.22	1277.49	226.50	225.50	0.00	85.91	1144.29	968.70
10/29/2018	60.63	575.8	32.85	576.73	494	17.06	1125.55	0.00	47.83	837.53	14.8	35.29	1440.24	61.80	60.9	0.00	138.04	1277.38	226.60	225.50	0.00	85.73	1144.16	968.90
10/30/2018	60.63	575.79	32.86	576.79	494	17	1126.42	0.00	47.93	837.67	14.79	35.28	1440.21	62.20	60.9	0.00	137.84	1277.28	226.50	225.60	0.00	85.37	1143.91	968.70
10/31/2018	60.6	575.79	32.84	576.78	494	16.96	1126.20	0.00	47.95	837.72	14.81	35.25	1440.16	62.10	60.9	0.00	137.57	1277.14	226.40	225.50	0.00	84.99	1143.64	969.40
11/01/2018	60.67	575.77	32.81	576.77	494	16.95	1126.11	0.00	47.87	837.59	10.21	35.27	1440.19	62.10	60.9	0.00	137.52	1277.1	226.40	225.30	0.00	84.64	1143.41	968.50
11/02/2018	60.93	575.82	33.67	576.73	494	17.7	1126.11	7.80	47.84	837.53	10.16	35.59	1440.83	62.00	60.9	0.00	138.84	1277.85	226.60	225.70	0.00	85.04	1143.68	968.30
11/03/2018	61	575.99	35.12	577.73	415	17.58	1126.11	17.80	47.81	837.5	10.11	35.47	1440.59	61.90	61	0.00	140.7	1278.85	225.80	226.30	0.00	85.98	1144.34	970.10
11/04/2018	61.05	576.03	35.92	579.41	413	17.27	1126.11	5.10	47.69	837.32	10.04	35.4	1440.45	61.90	61	0.00	141.6	1279.34	225.90	226.20	0.00	86.5	1144.71	971.70
11/05/2018	61.1	576.06	36.67	580.3	431	17.23	1126.11	1.10	47.65	837.25	9.96	35.4	1440.46	64.20	63.1	0.00	142.21	1279.67	234.20	234.60	0.00	87.07	1145.10	1009.60
11/06/2018	61.33	576.1	38.02	581.12	431	17.34	1126.11	4.00	47.97	837.75	9.9	35.51	1440.68	62.20	60.9	0.00	142.99	1280.09	225.90	226.30	0.00	87.76	1145.56	968.40
11/07/2018	61.8	576.25	38.42	582.59	421	17.2	1127.20	0.90	48.11	837.94	10.04	35.42	1440.5	62.00	60.9	0.00	143.25	1280.23	225.90	226.30	0.00	88.13	1145.81	969.90
11/08/2018	62.33	576.55	38.47	583.04	406	17.11	1127.20	0.00	47.97	837.73	10.21	35.35	1440.36	62.30	60.9	0.00	143.4	1280.3	225.80	226.20	0.00	88.3	1145.93	970.40
11/09/2018	63	576.91	38.84	583.09	405	17.27	1127.20	0.00	47.93	837.67	10.23	35.42	1440.5	61.90	60.9	0.00	143.75	1280.5	225.80	226.10	0.00	88.73	1146.21	971.90
11/10/2018	63.53	577.34	39.01	583.5	406	17.2	1127.20	0.00	47.79	837.46	10.21	35.38	1440.41	61.70	60.9	0.00	143.71	1280.49	225.80	226.30	0.00	89.38	1146.65	973.70
11/11/2018	64.03	577.69	38.98	583.69	406	17.09	1127.20	0.00	47.57	837.14	10.22	35.33	1440.32	61.80	60.9	0.00	143.58	1280.41	225.90	226.20	0.00	89.64	1146.82	974.90
11/12/2018	64.63	578.02	38.95	583.65	402	17.05	1127.20	0.00	47.41	836.89	10.18	35.34	1440.34	61.90	60.9	0.00	143.53	1280.38	225.80	226.20	0.00	89.85	1146.96	975.10
11/13/2018	65.1	578.41	39.18	583.6	407	17.21	1127.20	0.00	47.53	837.09	10.13	35.38	1440.42	61.90	60.9	0.00	143.47	1280.35	225.80	226.10	0.00	90.28	1147.24	970.30
11/14/2018	65.51	578.72	39.09	583.85	407	17.08	1127.20	0.00	47.51	837.05	10.09	35.33	1440.32	61.90	60.9	0.00	143.34	1280.28	225.90	226.30	0.00	90.4	1147.33	969.60
11/15/2018	66.06	578.98	39.03	583.77	405	17.05	1126.44	0.00	47.53	837.07	10	35.36	1440.37	61.90	60.9	0.00	143.34	1280.28	226.00	226.10	0.00	90.55	1147.43	970.00
11/16/2018	66.17	579.34	38.85	583.72	405	17.03	1126.44	0.00	47.48	837	9.91	35.31	1440.27	61.90	60.9	0.00	143.19	1280.2	225.90	226.00	0.00	90.53	1147.42	970.30
11/17/2018	66.21	579.41	38.64	583.51	406	17	1126.44	5.60	47.62	837.21	9.88	35.29	1440.24	61.90	60.9	0.00	143.06	1280.13	226.00	226.10	0.00	90.44	1147.36	970.00
11/18/2018	66.26	579.44	38.39	583.27	406	16.96	1126.44	19.30	47.74	837.39	9.88	35.3	1440.25	62.10	60.9	0.00	142.94	1280.06	225.90	226.10	0.00	90.23	1147.22	969.70
11/19/2018	66.33	579.47	38.24	583	403	16.97	1126.44	31.10	47.95	837.7	9.9	35.3	1440.26	61.90	60.9	0.00	142.86	1280.02	225.80	225.90	0.00	90.07	1147.11	969.60
11/20/2018	66.4	579.52	38.03	582.83	405	16.94	1126.10	34.60	48.14	837.94	9.91	35.3	1440.25	61.90	60.9	0.00	142.71	1279.94	225.70	225.90	0.00	89.83	1146.95	969.20
11/21/2018	66.46	579.56	37.77	582.62	405	16.91	1126.12	52.30	48.09	837.91	10.04	35.26	1440.17	61.90	60.9	0.00	142.58	1279.87	226.00	226.20	0.00	89.53	1146.75	968.80
11/22/2018	66.5	579.6	37.46	582.33	403	16.83	1126.12	56.90	48.02	837.81	10.07	35.23	1440.12	61.90	60.9	0.00	142.38	1279.76	226.00	226.30	0.00	89.1	1146.46	967.60
11/23/2018	66.49	579.63	37.15	581.99	401	16.82	1125.74	63.90	47.99	837.76	10.1	35.23	1440.13	61.90	60.9	0.00	142.18	1279.65	226.00	226.30	0.00	88.61	1146.13	966.90
11/24/2018	66.62	579.62	37.15	581.65	404	16.91	1125.74	75.60	47.95	837.71	10.09	35.34	1440.34	61.90	60.9	0.00	142.31	1279.72	226.10	226.00	0.00	88.41	1146.00	966.60
11/25/2018	66.82	579.71	37.35	581.65	404	17.14	1125.74	68.50	47.72	837.36	10.09	35.39	1440.44	61.90	60.9	0.00	142.6	1279.87	226.00	226.10	0.00	88.47	1146.04	967.10
11/26/2018	67.69	579.84	38.84	581.87	403	17.54	1126.56	39.70	47.98	837.75	10.11	35.58	1440.81	61.90	61	0.00	143.47	1280.35	226.00	225.90	0.00	89.01	1146.41	968.30
11/27/2018	68.44	580.38	39.69	583.49	405	17.33	1127.73	4.90	48.14	837.99	10.1	35.45	1440.55	61.90	61	0.00	143.86	1280.53	225.80	226.30	0.00	89.8	1146.94	969.80
11/28/2018	69.17	580.85	39.85	584.44	405	17.17	1127.73	1.60	48.1	837.93	10.1	35.37	1440.39	61.80	61	0.00	143.66	1280.45	226.00	226.30	0.00	90.25	1147.23	970.60
11/29/2018	69.83	581.32	39.75	584.6	405	17.08	1127.73	1.30	47.91	837.65	10.09	35.32	1440.29	61.80	61	0.00	143.47	1280.35	226.00	226.30	0.00	90.47	1147.38	971.80
11/30/2018	70.43	581.72	39.56	584.49	404	17.03	1126.44	1.30	47.69	837.32	10.05	35.3	1440.26	61.90	61	0.00	143.36	1280.29	225.80	226.20	0.00	90.55	1147.43	971.80
12/01/2018	71.02	582.47	39.42	584.13	403	17.01	1126.44	1.20	47.48	837	10.03	35.31	1440.28	62.12	61.11	0.00	143.29	1440.28	226.67	226.50	0.00	90.61	1147.48	972.00
12/02/2018	71.56	582.8	39.54	584.23	405	17.21	1126.44	1.30	47.37	836.84	10.02	35.41	1440.48	62.15	61.12	0.00	143.49	1440.48	226.85	226.69	0.00	91.26	1147.91	971.90
12/03/2018	71.97	583.06	39.64	584.35	405	17.21	1126.44	1.20	47.28	836.7	10.02	35.38	1440.42	62.30	61.11	0.00	143.71	1440.42	226.82	226.66	0.00	91.99	1148.40	973.40
12/04/2018	72.37	583.31	39.7	584.43	404	17.11	1126.44	1.10	47.05	836.35	10.02	35.34	1440.33	62.23	61.09	0.00	143.67	1440.33	226.83	226.71	0.00	92.49	1148.74	968.50
12/05/2018	72.46	583.37	39.69	584.42	403	17.04	1126.44	1.10	46.94	836.19	10.02	35.31	1440.28	62.29	61.1	0.00	143.43	1440.28	226.77	226.62	0.00	92.77	1148.92	967.90
12/06/2018	72.35	583.3	39.6	584.31	405	17	1126.44	1.10	47.02	836.31	10.02	35.3	1440.25	62.39	61.08	0.00	143.21	1440.25	226.77	226.65	0.00	92.89	1149.00	968.00
12/07/2018	72.24	583.24	39.43	584.13	405	16.95	1126.44	1.10	47.25	836.65	10.05	35.28	1440.21	62.46	61.08	0.00	143.01	1440.21	226.92	226.74	0.00	92.87	1148.99	967.50
12/08/2018	72.11	583.15	39.21	583.89	404	16.92	1126.44	1.90	47.41	836.9	10.03	35.27	1440.19	62.49	61.09	0.00	142.86	1440.19	226.75	226.64	0.00	92.72	1148.89	967.50
12/09/2018	71.97	583.06	39.01	583.66	405	16.89	1126.44	21.30	47.61	837.19	10.03	35.26	1440.17	62.42	61.09	0.00	142.53	1440.17	226.64	226.30	0.00	92.44	1148.70	967.10
12/10/2018	71.99	583.07	38.78	583.43	405	16.89	1125.98	6.30	47.78	837.45	10.04	35.24	1440.15	62.18	61.08	0.00	142.21	1440.15	226.79	226.10	0.00	92.16	1148.51	965.60
12/11/2018	72.05	583.11	38.68	583.31	406	16.86	1125.84	1.00	47.58	837.15	10.03	35.23	1440.12	61.99	99.99	20.00	141.83	1440.12	226.64	225.90	0.00	91.74	1148.23	964.10
12/12/2018	72.03	583.1	38.6	583.23	408	16.83	1125.84	1.00	47.41	836.9	10.07	35.22	1440.1	61.27	61.98	0.00	141.36	1440.1	226.93	226.11	0.00	91.35	1147.97	963.40
12/13/2018	72.05	583.11	38.53	583.15	408	16.83	1125.84	1.00	47.31	836.75	10.11	35.22	1440.1	61.14	61.97	0.00	140.79	1440.1	226.72	226.08	0.00	90.89	1147.65	963.80
12/14/2018	72.05	583.11	38.46	583.07	408	16.84	1125.84	1.10	47.23	836.63	10.07	35.2	1440.07	61.18	62.01	0.00	140.27	1440.07	226.79	225.93	0.00	90.41	1147.34	966.90
12/15/2018	72.08	583.13	38.38	582.99	408	16.84	1125.84	1.10	47.15	836.51	10.23	35.22	1440.11	61.22	62.04	0.00	139.77	1440.11	226.78	225.82	0.00	89.99	1147.06	966.70
12/16/2018	72.13	583.16	38.41	583.02	410	16.87	1125.84	0.70	47.17	836.55	10.24	35.28	1440.22	61.07	62.03	0.00	139.42	1440.22	226.90	225.90	0.00	89.68	1146.85	966.40
12/17/2018	72.14	583.18	38.38	582.97	410	16.87	1125.92	0.00	47.12	836.46	10.23	35.21	1440.09	61.07	62.29	0.00	138.93	1440.09	226.64	226.19	0.00	89.25	1146.55	966.80
12/18/2018	72.19	583.19	38.26	582.86	409	16.81	1125.92	0.00	47.08	836.4	10.23	35.18	1440.02	61.34	62.14	0.00	138.29	1440.02	226.64	226.23	0.00	88.76	1146.23	965.90
12/19/2018	72.14	583.17	38.17	582.77	408	16.81	1125.92	0.00	47.07	836.39	10.23	35.16	1439.99	61.37	62.09	0.00	137.7	1439.99	226.83	226.13	0.00	88.25	1145.89	964.20
12/20/2018	72.44	583.35	38.44	583.06	410	16.88	1125.67	0.60	46.93	836.17	10.16	35.38	1440.42	61.26	62.06	13.77	137.82	1440.42	226.76	225.90	0.00	87.92	1145.68	963.80
12/21/2018	72.73	583.54	43.3	588.17	410	18.18	1125.89	95.60	47.81	837.49	10.08	35.87	1441.39	78.15	61.31	13.78	140.05	1441.39	226.75	226.55	0.00	88.97	1146.37	965.50
12/22/2018	73.17	583.82	45.51	590.4	244	17.55	1125.89	53.30	48.19	838.06	10.03	35.52	1440.69	78.25	60.83	0.00	141.55	1440.69	226.78	226.68	0.00	89.83	1146.95	967.30
12/23/2018	74.12	584.41	45.52	590.39	400	17.22	1125.89	8.70	48.23	838.12	9.96	35.41	1440.47	62.28	60.78	0.00	142.47	1440.47	226.64	226.61	0.00	90.31	1147.27	969.00
12/24/2018	74.94	584.93	44.93	589.83	531	17.12	1126.91	1.60	48.19	838.07	9.92	35.35	1440.35	62.38	60.76	0.00	143.06	1440.35	226.73	226.18	0.00	90.58	1147.45	969.60
12/25/2018	75.57	585.3	44.28	589.15	599	17.04	1126.91	1.90	48.05	837.85	9.93	35.31	1440.26	62.38	60.75	0.00	143.34	1440.26	226.79	226.39	0.00	90.64	1147.49	969.60
12/26/2018	75.6	585.32	44	588.87	604	16.97	1126.30	0.90	48	837.78	9.91	35.3	1440.25	62.23	60.74	0.00	143.42	1440.25	226.75	226.45	0.00	90.55	1147.43	969.80
12/27/2018	75.4	585.2	43.76	588.64	604	16.95	1126.30	1.00	47.69	837.32	9.94	35.3	1440.24	62.27	61.12	0.00	143.43	1440.24	226.61	226.70	0.00	90.4	1147.32	969.80
12/28/2018	75.21	585.09	43.7	588.56	600	17	1126.30	1.10	47.7	837.33	9.93	35.38	1440.42	62.33	61.13	0.00	143.53	1440.42	226.67	226.53	0.00	90.4	1147.32	970.10
12/29/2018	74.99	584.95	43.45	588.31	600	16.96	1126.30	1.80	47.72	837.36	9.99	35.33	1440.32	62.28	61.11	0.00	143.53	1440.32	226.78	226.59	0.00	90.28	1147.25	969.90
12/30/2018	74.76	584.81	43.18	588.03	597	16.93	1126.30	1.00	47.79	837.46	10.05	35.31	1440.28	62.27	61.1	0.00	143.45	1440.28	226.83	226.64	0.00	90.07	1147.11	969.20
